{
	"name": "pings",
	"title": "Pings",
	"description": "Allows people to ping & hides GM mouse cursor",
	"version": "1.0.0",
	"author": "Azzurite",
	"scripts": [
		"settings.js",
		"pings.js"
	],
	"styles": [],
	"packs": [],
	"languages": [
		{
			"lang": "en",
			"path": "languages/en.json"
		}
	],
	"socket": true,
	"manifest": "https://gitlab.com/foundry-azzurite/pings/raw/master/module.json",
	"download": "https://gitlab.com/moerills-fvtt-modules/pointer/-/archive/master/pointer-master.zip",
	"url": "https://gitlab.com/foundry-azzurite/pings"
}